Name,Price,Rating
Price and other details may vary based on product size and colour.,N/A,N/A
Rhodium-Plated Silver Toned Rectangle Shaped American Diamond Studded Necklace Earrings,₹739,N/A
Rhodium-Plated Silver Toned Teardrop Shaped American Diamond Studded Necklace Earrings,₹919,N/A
Rhodium-Plated Silver Toned Circular American Diamond Long Necklace Earring,"₹1,979",4.0 out of 5 stars
Gold Plated Necklace Set For Women,₹399,3.5 out of 5 stars
Latest Stylish Design Fancy Pearl Choker Traditional Temple Necklace,₹437,3.7 out of 5 stars
Latest Stylish Traditional Oxidised Silver Necklace,₹269,4.1 out of 5 stars
Latest Stylish Traditional Tibetan Pendant Necklace,₹269,4.1 out of 5 stars
925 Sterling Silver Zircon Studded Leaf Set with Necklace & Earrings | Sets for Women & Girls | With Certificate of Authenticity and 925 Stamp | 6 Month Warranty*,"₹4,745",4.2 out of 5 stars
925 Sterling Silver Zircon Studded Leaf Set with Necklace & Earrings | Sets for Women & Girls | With Certificate of Authenticity and 925 Stamp | 6 Month Warranty*,"₹4,745",4.2 out of 5 stars
Gold Plated Austrian Crystals,₹764,4.4 out of 5 stars
Gehena Gold Plated Fnacy Neckalce Set with Maang Tikka For Women,₹449,5.0 out of 5 stars
American Diamond White Necklace Pendant Set with Earrings for Women,"₹1,999",4.1 out of 5 stars
18K Gold Plated Traditional Handcrafted Stone Studded Pearl Choker Necklace,₹349,4.0 out of 5 stars
Blue Crystal,₹99,3.5 out of 5 stars
Jewellery,₹359,3.9 out of 5 stars
Latest Stylish Fancy Oxidised Silver Tribal Necklace,₹299,4.2 out of 5 stars
German Silver Stone Studded Oxidized,₹317.30,4.0 out of 5 stars
Jewellery,₹324,4.1 out of 5 stars
Jewellery,₹860,4.1 out of 5 stars
FLYNGO PU Leather,₹395,4.3 out of 5 stars
925 Sterling Silver BIS Hallmarked BIS Hallmarked Set Light-Weight Love Knot Gold Plated Earring and Necklace Stud Earrings for Girls Women,"₹1,699",4.0 out of 5 stars
925 Sterling Silver BIS Hallmarked BIS Hallmarked Set Light-Weight Love Knot Gold Plated Earring and Necklace Stud Earrings for Girls Women,"₹1,699",4.0 out of 5 stars
925 Sterling Silver BIS Hallmarked Jewelry Linear Drop Dangle Earrings/Twisted Earring for Girl Women,"₹1,349",4.3 out of 5 stars
925 Sterling Silver BIS Hallmarked Heptagon Design Light-Weight Hoop Earrings for Men Women Girls,"₹1,399",4.8 out of 5 stars
925 Sterling Silver BIS Hallmarked Jewelry Stud Earrings for Girls and Women (Gemstone Birthstone Round 4MM),"₹1,199",4.0 out of 5 stars
925 Sterling Silver BIS Hallmarked Heart Shape Earring and Necklace for Women,"₹1,499",4.0 out of 5 stars
Women's 925 Sterling Silver BIS Hallmarked Jewelry Hoop Bali Earrings,"₹1,399",4.3 out of 5 stars
Chain Pendent Necklace for Women and Girl,₹749,4.1 out of 5 stars
Fancy White Choker Necklace Earrings Set for Women,₹465.30,4.2 out of 5 stars
Gold Plated Crystal Necklace,₹230,4.1 out of 5 stars
Jewellery,₹299,3.8 out of 5 stars
Fashion,₹281,3.6 out of 5 stars
Pink Kundan Silver Plated Crystal AD Diamond Necklace,₹280,4.2 out of 5 stars
Jewellery,₹281,4.0 out of 5 stars
Jewellery,₹199,3.7 out of 5 stars
Necklace,₹53,3.0 out of 5 stars
Pink Studded Floral Rose Gold Plated,₹639,4.0 out of 5 stars
Gehena Sacred Goddesstemple Long Necklace Set For Women,₹559,3.0 out of 5 stars
Pink Stone,"₹1,949",4.5 out of 5 stars
Green Pink Stones & Cluster Beads Kundan Necklace Earring & Ring Set For Women-ZPFK15357,₹659,3.6 out of 5 stars
Rose Gold Plated Pink Flowers Link Chain Adjustable Size Charm Alloy Bracelet Decorated With Crystals for Girls & Women BROK1000009,₹79,3.8 out of 5 stars
Latest 18k Rose Gold Stylish Bracelet Earrings Combo,₹269,4.0 out of 5 stars
Fashion 18k Gold Plated Pearl Necklace,₹279,3.9 out of 5 stars
Women's Silver Plated American Diamond Necklace/,₹234,4.1 out of 5 stars
German Silver Stone Studded Oxidized,₹664.05,4.2 out of 5 stars
Jewellery,₹279,4.3 out of 5 stars
Gold plated pearl & ruby studded artificial temple,₹599,3.6 out of 5 stars
Jewellery,₹345,3.9 out of 5 stars
Rhodium Plated Silver Toned White American Diamond Studded Flower Shaped,₹719,4.1 out of 5 stars
Antique Oxidised Silver Plated Traditional Temple Coin Red American Diamond Studded Necklace With Earrings,₹319,3.9 out of 5 stars
"Classic Pearl Gold Plated Peacock Long Haram Necklace Set for Women (SKR70419), pink & green, free size",₹381,3.0 out of 5 stars
Jewellery,₹349,4.0 out of 5 stars
Rhodium Plated Square Shaped Silver Toned American Diamond Stone Studded Necklace With Earring,"₹1,290.52",4.2 out of 5 stars
Oxidized German Silver Necklace with Earring for Women and Girls,₹189.05,4.1 out of 5 stars
Royal Traditional Bangle Stylish Bracelet for Women & Girls(Multi-Colour)(8662b),₹359,3.8 out of 5 stars
Adorable Gold Plated Pearl Choker Necklace Set for Women,₹189,3.8 out of 5 stars
Classy Choker Necklace Earring,₹329,3.6 out of 5 stars
JewelMaze Traditional Jhumki Earrings Combo For Women and Girls - Set of 4,₹225,4.2 out of 5 stars
Oxidized German Silver Necklace with Earrings,₹386,4.2 out of 5 stars
Latest Stylish Traditional Oxidised Silver Necklace,₹339,4.5 out of 5 stars
Green Beads & Floral Kundan Necklace Set For Women-ZPFK9098,₹444,3.8 out of 5 stars
Jewellery,₹339,3.4 out of 5 stars
Diamond Necklace,₹329,3.9 out of 5 stars
18K Gold Plated Traditional Handcrafted Stone Studded Pearl Choker Necklace,₹349,4.0 out of 5 stars
Fashion,₹259,4.0 out of 5 stars
Jewellery,₹465,4.1 out of 5 stars
Golden Brass Alloy German Silver Antique Gold Necklace with Jhumki for Women (Gold),₹284.05,4.3 out of 5 stars
Modish Gold Plated Necklace Set for Women,₹269,3.6 out of 5 stars
18k Gold Plated Traditional Kundan & Pearl Studded Necklace,₹399,3.9 out of 5 stars
Glamorous Design Austrian Diamond Rose Gold Plated Choker Necklace With Earring,₹282,4.0 out of 5 stars
Gold Plated Alloy Choker Necklace Set For Women,₹339,4.0 out of 5 stars
Jewellery,₹255,4.0 out of 5 stars
Fashion Women,₹998,N/A
Green Meenakari Bridal Choker Necklace Earring & Maangtikka Set For Women-ZPFK10497,₹838,4.0 out of 5 stars
Valentine Gift Crystal,₹209,3.4 out of 5 stars
Gold Plated Necklace Set for Women,₹479,2.9 out of 5 stars
Green & Pink Stones Ethnic Collar Bone Necklace Earring & Ring Set For Women-ZPFK11665,₹450,3.8 out of 5 stars
